ACTSUB1	DOS1	ACTSUB2	DOS2	ACTSUB3	DOS3	ACTSUB4	DOS4	MASTERPROD	VMNF	VOLPACK8	STR1	LISTPRICE
ABACAVIR	300MG	.	.	.	.	.	.	ZIAGEN 300MG TAB	APM	60	300MG	861.63
ABACAVIR	20MG/ML							ZIAGEN ORAL SOLUTION 240ML	APM	240		326.33
ABACAVIR	300MG	LAMIVUDINE	150MG	ZIDOVUDINE (AZT)	300MG			TRIZIVAR TAB	GSK	60		1460.45
ABACAVIR	600MG	LAMIVUDINE	300MG					KIVEXA TAB	GSK	30		826.31
ABACAVIR	20MG/ML							ASPEN ABACAVIR 20MG/ML SOL 240ML	APM	240	20MG/ML	227.89
ABACAVIR	300MG							CIPLA-ABACAVIR 300MG TAB	C-M	60	300MG	641.44
ABACAVIR	20MG/ML							CIPLA-ABACAVIR ORAL SOL 240ML	C-M	240		242.07
ABACAVIR	300MG							ASPEN ABACAVIR 300MG TAB	APM	60	300MG	641.44
ABACAVIR	300MG							AURO-ABACAVIR 300MG TAB	NGI	60	300MG	641.43
ABACAVIR	20MG/ML							AURO-ABACAVIR ORAL SOL 20MG/ML 240ML	NGI	240	20MG/ML	227.87
ABACAVIR	300MG							SONKE ABACIVIR 300MG TAB	RAN	30	300MG	475.97
ABACAVIR	300MG	LAMIVUDINE	150MG	ZIDOVUDINE (AZT)	300MG			SONKE ABACLAMIZID 300/150/300MG TAB	RAN	60	300MG	531.13
ABACAVIR	300MG							ADCO-ABACAVIR 300MG TAB	ARV	60	300MG	488.2
ACYCLOVIR (ACICLOVIR)	200MG/5ML							ZOVIRAX 200MG/5ML 125ML SUSP	APM	125	200MG/5M	525.4
ACYCLOVIR (ACICLOVIR)	200MG							CYCLIVEX 200MG TAB	APM	25	200MG	48.39
ACYCLOVIR (ACICLOVIR)	200MG							ADCO-ACYCLOVIR  200MG TAB	ADI	25	200MG	47.01
ACYCLOVIR (ACICLOVIR)	250MG/10							ZOVIRAX IV SOL 250MG INF	APM	5	250MG	1428.45
ACYCLOVIR (ACICLOVIR)	200MG							LOVIRE 200MG DSP	RAN	25	200MG	43.46
ACYCLOVIR (ACICLOVIR)	200MG							ZOVIRAX 200MG DSP	APM	25	200MG	374.16
ACYCLOVIR (ACICLOVIR)	200MG							VYRO-HEXAL 200MG TAB	ROL	25	200MG	48
ACYCLOVIR (ACICLOVIR)	400MG							VYRO-HEXAL 400MG TAB	ROL	70	400MG	208
ACYCLOVIR (ACICLOVIR)	250MG/10							ASPEN ACYCLOVIR 250MG IV INF	APM	5	250MG	1045.32
ACYCLOVIR (ACICLOVIR)	200MG							ACITAB 200MG DSP	C-M	25	200MG	46.66
ACYCLOVIR (ACICLOVIR)	400MG							ACITAB 400MG DSP	C-M	60	400MG	192.14
ACYCLOVIR (ACICLOVIR)	400MG							LOVIRE DISP TAB 400MG	RAN	70	400MG	166.41
ACYCLOVIR (ACICLOVIR)	400MG							CYCLIVEX 400MG	APM	70	400MG	195.14
ACYCLOVIR (ACICLOVIR)	250MG/10							MYLAN ACICLOVIR 250MG 10ML INJ	MKG	5	250MG	865.84
ACYCLOVIR (ACICLOVIR)	200MG							ACICLOVIR SANDOZ 200MG TAB	ROL	25	200MG	48
ACYCLOVIR (ACICLOVIR)	400MG							ACICLOVIR SANDOZ 400MG TAB	ROL	70	400MG	207.99
ACYCLOVIR (ACICLOVIR)	200MG							APEX-ACYCLOVIR 200MG TAB	ASL	30	200MG	57.93
ACYCLOVIR (ACICLOVIR)	400MG							APEX-ACYCLOVIR 400MG TAB	ASL	70	400MG	195.17
AMIKACIN	500MG/2ML							AMIKACIN-FRESENIUS 500MG INJ	FSK	10	500MG	516.52
AMIKACIN	100MG/2ML							AMIKACIN-FRESENIUS 100MG INJ	FSK	10	100MG	181.68
AMIKACIN	250MG/2ML							AMIKACIN-FRESENIUS 250MG 2ML INJ	FSK	10	250MG	351.7
AMIKACIN	500MG/2ML							AMIKACIN FRESENIUS 1000MG 4ML INJ	FSK	10	1000MG	806.65
AMIKACIN	500MG/2ML							SAFELINE AMIKACIN SULPH 1G 4ML INJ	SAE	10	1G	588.32
AMPHOTERICIN	10MG							FUNGIZONE LOZENGES	B-M	20	10MG	79.97
AMPHOTERICIN	50MG							FUNGIZONE INF	B-M	1	50MG	30.54
AMPHOTERICIN	50MG							AMBISOME POWDER 50MG INJ	KEY	1	50MG	1707.38
ATAZANAVIR	150MG							REYATAZ 150MG CAP	B-M	60	150MG	229.04
ATAZANAVIR	200MG							REYATAZ 200MG CAP	B-M	60	200MG	274.85
ATAZANAVIR	150MG							ASPEN ATAZANAVIR 150MG CAP	APM	60	150MG	264.49
ATAZANAVIR	200MG							ASPEN ATAZANAVIR 200MG CAP	APM	60	200MG	326.83
ATAZANAVIR	150MG							ATAZOR 150MG CAP	AIV	60	150MG	263.78
ATAZANAVIR	200MG							ATAZOR 200MG CAP	AIV	60	200MG	285.84
ATAZANAVIR	300MG	RITONAVIR	100MG					ANZAVIR-R TAB	MLT	30		450
ATORVASTATIN	80MG							LIPITOR 80MG TABLET	PFI	30	80MG	252.55
ATORVASTATIN	10MG							LIPITOR 10MG TABLET	PFI	30	10MG	155.04
ATORVASTATIN	20MG							LIPITOR 20MG TABLET	PFI	30	20MG	252.55
ATORVASTATIN	40MG							LIPITOR 40MG TABLET	PFI	30	40MG	252.55
ATORVASTATIN	10MG							ASPAVOR 10MG TAB	PCI	30	10MG	68
ATORVASTATIN	20MG							ASPAVOR 20MG TAB	PCI	30	20MG	70.95
ATORVASTATIN	40MG							ASPAVOR 40MG TAB	PCI	30	40MG	70.95
ATORVASTATIN	10MG							LIPOGEN 10MG TAB	RAN	30	10MG	56.36
ATORVASTATIN	20MG							LIPOGEN 20MG TAB	RAN	30	20MG	68.45
ATORVASTATIN	40MG							LIPOGEN 40MG TAB	RAN	30	40MG	78.22
ATORVASTATIN	80MG							LIPOGEN 80MG TAB	RAN	30	80MG	97.79
ATORVASTATIN	10MG							RAN-ATORVASTATIN 10MG TAB	RAN	30	10MG	56.36
ATORVASTATIN	20MG							RAN-ATORVASTATIN 20MG TAB	RAN	30	20MG	68.45
ATORVASTATIN	40MG							RAN-ATORVASTATIN 40MG TAB	RAN	30	40MG	78.22
ATORVASTATIN	80MG							RAN-ATORVASTATIN 80MG TAB	RAN	30	80MG	97.79
ATORVASTATIN	10MG							ATOLIP 10MG TAB	C-M	30	10MG	55.18
ATORVASTATIN	20MG							ATOLIP 20MG TAB	C-M	30	20MG	67.02
ATORVASTATIN	40MG							ATOLIP 40MG TAB	C-M	30	40MG	76.58
ATORVASTATIN	80MG							ATOLIP 80MG TAB	C-M	30	80MG	96.49
ATORVASTATIN	10MG							ATORVASTATIN WINTHOP 10MG TAB	WNT	30	10MG	55.18
ATORVASTATIN	20MG							ATORVASTATIN WINTHOP 20MG TAB	WNT	30	20MG	67
ATORVASTATIN	40MG							ATORVASTATIN WINTHOP 40MG TAB	WNT	30	40MG	76.57
ATORVASTATIN	10MG							ATORVASTATIN UNICORN 10MG TAB	UNC	30	10MG	55.09
ATORVASTATIN	20MG							ATORVASTATIN UNICORN 20MG TAB	UNC	30	20MG	68.29
ATORVASTATIN	40MG							ATORVASTATIN UNICORN 40MG TAB	UNC	30	40MG	78.08
ATOVAQUONE	250MG	PROGUANIL	100MG					MALANIL 250/100MG TAB	GSK	12	250/100M	373.21
ATOVAQUONE	62.5MG	PROGUANIL	25MG					MALANIL PAEDIATRIC TAB	GSK	12		124.4
CAPREOMYCIN	1G							CAPASTAT 1G INJ	APM	1	1G	122.57
CHLORHEXIDINE SOLUTION BP		CHLOROFORM		CAMPHOR		IODINE		NITRO COLD SORE LOT 20ML	APC	20		11.2
CLINDAMYCIN	150MG							DALACIN C CAP 150MG	PCI	20	150MG	62.9
CLINDAMYCIN	10MG/ML							DALACIN T SOLUTION 30ML	PCI	30		85.25
CLINDAMYCIN	10MG/ML							DALACIN T LOTION 30ML	PCI	30		100.06
CLINDAMYCIN	20MG/G							DALACIN VC 40G	PFI	40		115.76
CLINDAMYCIN	150MG/ML							DALACIN C 4ML 600MG/4ML INJ	PCI	1	600MG	28
CLINDAMYCIN	150MG							DALACIN C CAP 150MG	PCI	100	150MG	314.54
CLINDAMYCIN	150MG							CLINDAHEXAL CAP 150MG	ROL	20	150MG	59.13
CLINDAMYCIN	150MG							CLINDAHEXAL CAP 150MG	ROL	100	150MG	295.68
CLINDAMYCIN	150MG/ML							CLINDAMYCIN-FRESENIUS 60MG INJ	FSK	10	60MG/4ML	291.6
CLINDAMYCIN	10MG/ML							CLEOCIN  LOT	PEL	60		43.57
CLINDAMYCIN	150MG/ML							P-Q CLINDAMYCIN 150MG/1ML 4ML INJ	PRQ	10	150MG/1M	80.45
CYCLOPHOSPHAMIDE	50MG							ENDOXAN TAB 50MG	AVE	50	50MG	154.43
CYCLOPHOSPHAMIDE	500MG/50ML							ENDOXAN 500MG INJ	AVE	1	500MG	64.43
CYCLOPHOSPHAMIDE	1G/75ML							ENDOXAN 1G INJ	AVE	1	1G	94.5
DARUNAVIR								PREZISTA 300MG TAB	APM	120	300MG	648.12
DIDANOSINE	150MG							ASPEN DIDANOSINE 150MG TAB	APM	60	150MG	153.56
DIDANOSINE	100MG							ASPEN DIDANOSINE 100MG TAB	APM	60	100MG	109.68
DIDANOSINE	50MG							ASPEN DIDANOSINE 50MG TAB	APM	60	50MG	103.1
DIDANOSINE	25MG							ASPEN DIDANOSINE 25MG TAB	APM	60	25MG	104.32
DIDANOSINE	250MG							VIDEX EC 250MG CAP	B-M	30	250MG	175.35
DIDANOSINE	400MG							VIDEX EC 400MG CAP	B-M	30	400MG	226.29
DIDANOSINE	25MG							SONKE DIDANOSINE 25MG TAB	SNK	60	25MG	78.88
DIDANOSINE	50MG							SONKE DIDANOSINE 50MG TAB	SNK	60	50MG	88.2
DIDANOSINE	100MG							SONKE DIDANOSINE 100MG TAB	SNK	60	100MG	96.76
DIDANOSINE	250MG							SONKE DIDANOSINE 250MG CAP	RAN	30	250MG	143
DIDANOSINE	400MG							SONKE DIDANOSINE 400MG CAP	RAN	30	400MG	199.17
DIDANOSINE	250MG							DELADEX DR 250MG CAP	NGI	30	250MG	141.75
DIDANOSINE	400MG							DELADEX DR 400MG CAP	NGI	30	400MG	182.93
DOXORUBICIN	10MG							ADRIBLASTINA 10MG INJ	PCI	1	10MG	75.61
DOXORUBICIN	50MG							ADRIBLASTINA 50MG INJ	PFI	1	50MG	378.02
DOXORUBICIN	2MG/ML							CAELYX 50MG 25ML INJ	JAN	1	50MG	11615.68
DOXORUBICIN	2MG/ML							ADRIBLASTINA CSV 2MG/ML 5ML VIA	PFI	1	2MG/ML	75.61
DOXORUBICIN	2MG/ML							ADRIBLASTINA CSV 2MG/ML 25ML VIA	PFI	1	2MG/ML	378.02
DOXORUBICIN	2MG/ML							CAELYX 20MG 10ML INJ	JAN	1	20MG	4646.27
DOXORUBICIN	50MG							DOXORUBICIN FAULDING HCL 50MG INJ	PMN	1	50MG	418.33
DOXORUBICIN	10MG							DOXORUBICIN PCH 10MG INJ	TEV	1	10MG	68
DOXORUBICIN	50MG							DOXORUBICIN PCH 50MG INJ	TEV	1	50MG	302
DOXORUBICIN	2MG/ML							DOXORUBICIN RTU 10MG 5ML INJ	TEV	1	10MG	68
DOXORUBICIN	2MG/ML							DOXORUBICIN RTU 50MG 25ML INJ	TEV	1	50MG	302
DOXORUBICIN	2MG/ML							DOXORUBICIN-HEXAL 10MG/5ML INJ	ROL	1	10MG/5ML	86.36
DOXORUBICIN	2MG/ML							DOXORUBICIN-HEXAL 50MG/25ML INJ	ROL	1	50MG/25M	431.84
DOXORUBICIN	2MG/ML							DOXORUBICIN RTU 200MG/100ML INJ	TEV	1	200MG/10	1204
EFAVIRENZ	600MG							STOCRIN 600MG TAB	MSD	30	600MG	195.02
EFAVIRENZ	600MG							ADCO-EFAVIRENZ 600MG TAB	ARV	30	600MG	88.38
EFAVIRENZ	600MG							CIPLA-EFAVIRENZ 600MG TAB	C-M	30	600MG	147.76
EFAVIRENZ	600MG							ASPEN EFAVIRENZ 600MG TAB	APM	30	600MG	147.76
EFAVIRENZ	600MG							SONKE EFAVIRENZ 600MG TAB	SNK	30	600MG	114.35
EFAVIRENZ	600MG							ERIGE 600MG TAB	NGI	30	600MG	145
EFAVIRENZ	50MG							ERIGE 50MG CAP	NGI	30	50MG	27.95
EFAVIRENZ	200MG							ERIGE 200MG CAP	NGI	90	200MG	219.3
EFAVIRENZ	50MG							STOCRIN 50MG TAB	MSD	30	50MG	35.02
EFAVIRENZ	200MG							STOCRIN 200MG TAB	MSD	90	200MG	331.87
EFAVIRENZ	600MG							EFAMAT 600MG (NAMIBIA ONLY) TAB	MLT	30		135
EFAVIRENZ	200MG							ADCO-EFAVIRENZ 200MG CAP	ARV	90	200MG	172.91
EFAVIRENZ	50MG							ADCO-EFAVIRENZ 50MG CAP	ARV	30	50MG	20.64
EFAVIRENZ	600MG							HEVAZ 600MG TAB	AIV	30	600MG	147.58
EFAVIRENZ	600MG							ARROW EFAVIRENZ 600MG TAB	ARS	30	600MG	147.69
EFAVIRENZ	600MG							AVIREZ 600MG TAB	APM	30	600MG	124
EFAVIRENZ	200MG							SONKE-EFAVIRENZ 200MG CAP	RAN	90	200MG	182.4
ENTECAVIR	0.5MG							BARACLUDE 0.5MG TAB	B-M	30	0.5MG	4188.63
ENTECAVIR	1MG							BARACLUDE 1MG TAB	B-M	30	1MG	4833.03
ETHAMBUTOL	400MG							SANDOZ ETHAMBUTOL 400MG TAB	ROL	100	400MG	83.78
ETHAMBUTOL	400MG							SANDOZ ETHAMBUTOL 400MG TAB	ROL	56		46.09
ETHAMBUTOL	400MG							SANDOZ ETHAMBUTOL 400MG TAB	ROL	84		69.14
ETHIONAMIDE	250MG							ETHATYL TAB 250MG	AVE	250	250MG	431.09
ETOPOSIDE	20MG/ML							P&U ETOPOSIDE CSV 100MG 5ML INJ	PFI	10	100MG	1566.99
ETOPOSIDE	20MG/ML							EPOSIN 100 20MG/ML 5ML INJ	TEV	1	100MG	131.25
ETOPOSIDE	20MG/ML							ETOPOSIDE-HEXAL 100MG 5ML INF	ROL	1	100MG/5M	125.2
ETOPOSIDE	50MG							LASTET (SECTION 21) CAP	EQU	20	50MG	2192.98
ETRAVIRINE	200MG							INTELENCE 100MG TAB	APM	120	100MG	329.3
FAMCICLOVIR	250MG							FAMVIR TAB 250MG	NVT	21	250MG	690.71
FAMCICLOVIR	125MG							FAMVIR TAB 125MG	NVT	10	125MG	161.57
FLUCONAZOLE	150MG							DIFLUCAN CAP 150MG	PFI	1	150MG	73.91
FLUCONAZOLE	50MG							DIFLUCAN CAP 50MG	PFI	14	50MG	342.23
FLUCONAZOLE	200MG							DIFLUCAN CAP 200MG	PFI	28	200MG	1714.42
FLUCONAZOLE	2MG/ML							DIFLUCAN 200MG 2MG/ML INJ	PFI	1	200MG	143.79
FLUCONAZOLE	200MG/5ML							DIFLUCAN 200MG/5ML 35ML	PFI	35	200MG/5M	459.11
FLUCONAZOLE	150MG							DIFLUCAN CAP 150MG	PFI	4	150MG	295.63
FLUCONAZOLE	50MG/ML							DIFLUCAN PAED 50MG/5ML SUS 35ML	PFI	35	50MG/5ML	148.19
FLUCONAZOLE	50MG							FLUZOL 50MG CAP	ROL	14	50MG	166.81
FLUCONAZOLE	150MG							FLUZOL 150MG CAP	ROL	1	150MG	30.41
FLUCONAZOLE	200MG							FLUZOL 200MG CAP	ROL	30	200MG	374.34
FLUCONAZOLE	50MG							FLUCORIC 50MG CAP	RAN	14	50MG	84.86
FLUCONAZOLE	150MG							FLUCORIC 150MG CAP	RAN	1	150MG	16.48
FLUCONAZOLE	200MG							FLUCORIC 200MG CAP	RAN	28	200MG	285.23
FLUCONAZOLE	150MG							DIFLUZOLE 150MG CAP	C-M	1	150MG	17.54
FLUCONAZOLE	50MG							ASPEN FLUCONAZOLE 50MG CAP	APM	14	50MG	80.54
FLUCONAZOLE	150MG							ASPEN FLUCONAZOLE 150MG CAP	APM	1	150MG	17.55
FLUCONAZOLE	150MG							ASPEN FLUCONAZOLE 150MG CAP	APM	4	150MG	70.21
FLUCONAZOLE	200MG							ASPEN FLUCONAZOLE 200MG CAP	APM	28	200MG	307.16
FLUCONAZOLE	50MG							CIPLA-FLUCONAZOLE 50MG CAP	C-M	14	50MG	84.86
FLUCONAZOLE	200MG							CIPLA-FLUCONAZOLE 200MG CAP	C-M	30	200MG	329.09
FLUCONAZOLE	50MG							AUSTELL FLUCONAZOLE 50MG CAP	ASL	14	50MG	81.5
FLUCONAZOLE	150MG							AUSTELL FLUCONAZOLE 150MG CAP	ASL	1	150MG	15.52
FLUCONAZOLE	150MG							AUSTELL FLUCONAZOLE 150MG CAP	ASL	4	150MG	62.08
FLUCONAZOLE	200MG							AUSTELL FLUCONAZOLE 200MG CAP	ASL	28	200MG	288.44
FLUCONAZOLE	150MG							MYLAN FLUCONAZOLE 150MG CAP	MKG	1	150MG	17.23
FLUCONAZOLE	150MG							MYLAN FLUCONAZOLE 150MG CAP	MKG	4	150MG	68.94
FLUCONAZOLE	200MG							MYLAN FLUCONAZOLE 200MG CAP	MKG	28	200MG	390.09
FLUCONAZOLE	200MG							SIMAYLA FLUCONAZOLE 200MG CAP	ZYD	28	200MG	331.32
FLUCONAZOLE	150MG							SIMAYLA FLUCONAZOLE 150MG CAP	ZYD	1	150MG	17.47
FLUCONAZOLE	150MG							APEX FLUCONAZOLE 150MG CAP	ASL	1	150MG	12.13
FLUCONAZOLE	150MG							APEX FLUCONAZOLE 150MG CAP	ASL	4	150MG	48.5
FLUCONAZOLE	200MG							APEX FLUCONAZOLE 200MG CAP	ASL	30	200MG	225.39
FLUCONAZOLE	2MG/ML							FLUZOL 2MG/1ML INF 100ML	ROL	1	2MG/1ML	77.1
FLUCONAZOLE	150MG							MYCOREST 150MG CAP	ZYD	1	150MG	10.75
FLUCONAZOLE	150MG							MYCOREST 150MG CAP	ZYD	4	150MG	43
FLUCONAZOLE	150MG							GULF FLUCONAZOLE 150MG CAP	GUD	1	150MG	15.79
FLUCONAZOLE	2MG/ML							BIO-FLUCONAZOLE IV 200MG/100ML INF	BTL	1	200MG/10	39.98
FLUCONAZOLE	200MG							GULF FLUCONAZOLE 200MG CAP	GUD	28	200MG	293.44
FLUCONAZOLE	2MG/ML							ASPEN FLUCONAZOLE 2MG/ML 200ML INF	APM	1	2MG/ML	1018.17
FLUCONAZOLE	2MG/ML							EXOMAX 200MG/100ML 100ML INF	PMN	1	200MG/10	50.43
FLUCONAZOLE	50MG							GULF FLUCONAZOLE 50MG CAP	GUD	14	50MG	80.07
FOSAMPRENAVIR								TELZIR 700MG TAB	GSK	60	700MG	1327.35
FOSAMPRENAVIR	50MG/ML							TELZIR 50MG/5ML SUS 225ML	GSK	225	50MG/5ML	443.4
GANCICLOVIR	500MG/VIAL							CYMEVENE 500MG INJ	ROC	5	500MG	2461.73
GATIFLOXACIN	3MG/ML							ZYMAR 3MG/1ML OPD 5ML	GNP	1	3MG/1ML	117.54
INDINAVIR	400MG							CRIXIVAN CAP 400MG	MSD	180	400MG	516.2
ISONIAZID	300MG							NORSTAN ISONIAZID 300MG TAB	AVE	28	300MG	18.8
ISONIAZID	100MG							NORSTAN-ISONIAZID 100MG TAB	AVE	84	100MG	12.71
ISONIAZID	100MG							BE-TABS ISONIAZID 100MG TAB	BET	1000	100MG	81.3
KANAMYCIN	100MG	AMINOPENTAMIDE	0.033MG	ATTAPULGITE	500MG	BISMUTH SUBCARBONATE	250MG	KANTREXIL TAB	OPU	20		89.15
KANAMYCIN	100MG/5ML	AMINOPENTAMIDE	0.033MG/5ML	ATTAPULGITE	500MG/5ML	BISMUTH SUBCARBONATE	250MG/5ML	KANTREXIL SUS 100ML	OPU	100		90.61
KANAMYCIN	100MG	AMINOPENTAMIDE	0.033MG	ATTAPULGITE	500MG	BISMUTH SUBCARBONATE	250MG	KANTREXIL TAB	OPU	100		445.75
KANAMYCIN	1G/3ML							BIO-KANAMYCIN 1G/3ML INJ	BTL	1	1G/3ML	17.36
KANAMYCIN	1G/3ML							BIO-KANAMYCIN 1G/3ML INJ	BTL	10	1G/3ML	173.69
LAMIVUDINE	10MG/ML							3TC ORAL SOLUTION 240ML	GSK	240		76.61
LAMIVUDINE	150MG							3TC 150MG TAB	GSK	60	150MG	107.94
LAMIVUDINE	150MG	ZIDOVUDINE (AZT)	300MG					COMBIVIR TAB	GSK	60		327.87
LAMIVUDINE	150MG							CIPLA-LAMIVUDINE 150MG TAB	C-M	60	150MG	86.55
LAMIVUDINE	150MG	ZIDOVUDINE (AZT)	300MG					ASPEN LAMZID TAB	APM	60		292.06
LAMIVUDINE	10MG/ML							ASPEN LAMIVUDINE  10MG/ML SYR 240ML	APM	240	10MG/ML	67.92
LAMIVUDINE	150MG							ASPEN LAMIVUDINE 150MG TAB	APM	60	150MG	86.55
LAMIVUDINE	10MG/ML							CIPLA-LAMIVUDINE ORAL SOL 50MG/5ML 240ML	C-M	240	50MG/5ML	67.92
LAMIVUDINE	150MG	ZIDOVUDINE (AZT)	300MG					CIPLA-DUOVIR TAB	C-M	60		278.3
LAMIVUDINE	150MG							SONKE LAMIVUDINE 150MG TAB	SNK	60	150MG	38.95
LAMIVUDINE	150MG							ADCO-LAMIVUDINE 150MG TAB	ARV	60	150MG	38.16
LAMIVUDINE	150MG	ZIDOVUDINE (AZT)	300MG					SONKE LAMIVUDINE AND ZIDOVUDINE TAB	SNK	60		220
LAMIVUDINE	150MG	STAVUDINE	30MG	NEVIRAPINE	200MG			TRIOMUNE 30 TAB	C-M	60		254.89
LAMIVUDINE	10MG/ML							ADCO-LAMIVUDINE 10MG/1ML SOL 240ML	ARV	240	10MG/1ML	55.75
LAMIVUDINE	10MG/ML							ADCO-LAMIVUDINE A&S FREE 10MG SOL 240ML	ARV	240	10MG/1ML	55.75
LAMIVUDINE	300MG							CIPLA-LAMIVUDINE 300MG TAB	C-M	30	300MG	92.36
LAMIVUDINE	150MG	STAVUDINE	30MG	NEVIRAPINE	200MG			SONKE LAMINEVSTAV 30MG TAB	SNK	60	30MG	202.8
LAMIVUDINE	150MG							LEGRAM 150MG TAB	NGI	60	150MG	85
LAMIVUDINE	150MG	ZIDOVUDINE (AZT)	300MG					LODIZ TAB	NGI	60		290
LAMIVUDINE	10MG/ML							LEGRAM 10MG/1ML SOL 240ML	NGI	240	10MG/1ML	66.49
LAMIVUDINE	150MG	ZIDOVUDINE (AZT)	300MG	EFAVIRENZ	600MG			CIPLA-DUOVIR AND EFAVIRENZ CO PACK TAB	C-M	90		340.12
LAMIVUDINE	150MG	ZIDOVUDINE (AZT)	300MG					COLAMZIV 150/300MG TAB	LBP	60	150/300M	291
LAMIVUDINE	150MG							VARI-LAMIVUDINE 150MG TAB	LBP	60	150MG	86.92
LAMIVUDINE	150MG	ZIDOVUDINE (AZT)	300MG					COMBOZIL 150/300MG TAB	BLS	60	150/300M	291.09
LAMIVUDINE	150MG	STAVUDINE	30MG	NEVIRAPINE	200MG			VIRTRIUM 30/150/200 TAB	APM	60		199.89
LAMIVUDINE	300MG							ADCO-LAMIVUDINE 300MG TAB	ARV	30	300MG	67.79
LAMIVUDINE	150MG	ZIDOVUDINE (AZT)	300MG	NEVIRAPINE	200MG			TRIPLAVAR TAB	C-M	60		340.12
LAMIVUDINE	150MG	ZIDOVUDINE (AZT)	300MG					ADCO-LAMIVUDINE AND ZIDOVUDINE 150/300MG FCT	ARV	60	150/300M	155.81
LEVOFLOXACIN	250MG							TAVANIC TAB 250MG	AVE	5	250MG	67.15
LEVOFLOXACIN	500MG							TAVANIC TAB 500MG	AVE	10	500MG	224.98
LEVOFLOXACIN	500MG							TAVANIC TAB 500MG	AVE	5	500MG	112.49
LEVOFLOXACIN	5MG/ML							TAVANIC IV INF 500MG 100ML	AVE	1	500MG	173.41
LEVOFLOXACIN	5MG/ML							TAVANIC 250MG/50ML VIAL INFUSION	AVE	1	250MG/50	86.71
LEVOFLOXACIN	250MG							SANDOZ LEVOFLOXACIN 250MG TAB	ROL	5	250MG	64.24
LEVOFLOXACIN	500MG							SANDOZ LEVOFLOXACIN 500MG TAB	ROL	5	500MG	101.77
LEVOFLOXACIN	500MG							SANDOZ LEVOFLOXACIN 500MG TAB	ROL	10	500MG	203.54
LEVOFLOXACIN	500MG							TAVALOXX 500MG TAB	C-M	5	500MG	111.17
LEVOFLOXACIN	750MG							TAVALOXX 750MG TAB	C-M	5	750MG	130.46
LEVOFLOXACIN	250MG							LEVOFLOXACIN-WINTHROP 250MG TAB	AVC	5	250MG	76.01
LEVOFLOXACIN	500MG							LEVOFLOXACIN-WINTHROP 500MG TAB	AVC	5	500MG	117.9
LEVOFLOXACIN	500MG							LEVOFLOXACIN-WINTHROP 500MG TAB	AVC	10	500MG	235.81
LEVOFLOXACIN	500MG							TAVALOXX 500MG TAB	C-M	10	500MG	222.35
LEVOFLOXACIN	250MG							ASPEN LEVOFLOXACIN 250MG TAB	APM	5	250MG	67.16
LEVOFLOXACIN	500MG							ASPEN LEVOFLOXACIN 500MG TAB	APM	10	500MG	224.98
LEVOFLOXACIN	500MG							ASPEN LEVOFLOXACIN 500MG TAB	APM	5	500MG	112.49
LEVOFLOXACIN	5MG/ML							LEVOFLOXACIN WINTHROP 250MG 50ML INF	AVC	1	250MG	119.73
LEVOFLOXACIN	5MG/ML							LEVOFLOXACIN WINTHROP 500MG 100ML INF	AVC	1	500MG	239.44
LEVOFLOXACIN	500MG							MYLAN LEVOFLOXACIN 500MG TAB	MKG	5	500MG	112.57
LEVOFLOXACIN	500MG							MYLAN LEVOFLOXACIN 500MG TAB	MKG	10	500MG	225.15
LEVOFLOXACIN	250MG							MYLAN LEVOFLOXACIN 250MG TAB	MKG	5	250MG	67.2
LEVOFLOXACIN	250MG							LINTRIP 250MG TAB	DRE	5	250MG	63.12
LEVOFLOXACIN	500MG							LINTRIP 500MG TAB	DRE	5	500MG	99.99
LEVOFLOXACIN	500MG							LINTRIP 500MG TAB	DRE	10	500MG	199.98
LEVOFLOXACIN	250MG							AUSTELL LEVOFLOXACIN 250MG TAB	ASL	5	250MG	60.16
LEVOFLOXACIN	500MG							AUSTELL LEVOFLOXACIN 500MG TAB	ASL	5	500MG	100
LEVOFLOXACIN	250MG							TAVALOXX 250MG TAB	C-M	30	250MG	270
LINEZOLID	2MG/ML							ZYVOXID 600MG/300ML INF	PFI	10		4376.79
LINEZOLID	600MG							ZYVOXID 600MG TAB	PFI	10	600MG	5930.14
LINEZOLID	20MG/ML							ZYVOXID 100MG/5ML SUS 150ML	PFI	150	100MG/5M	2967.1
LINEZOLID	2MG/ML							ZYVOXID 200MG/100ML INF	PFI	10	200MG/10	1458.94
LOPINAVIR	80MG/ML	RITONAVIR	20MG/ML					KALETRA 400/100MG/5ML SYR 300ML	ABB	300	400/100	229.69
LOPINAVIR	200MG	RITONAVIR	50MG					ALUVIA 200MG/50MG TAB	ABB	120	200/50MG	229.69
LOPINAVIR	100MG	RITONAVIR	25MG					ALUVIA 100/25MG TAB	ABB	60	100/25MG	57.43
MOXIFLOXACIN	400MG							AVELON 400MG TAB	BAY	5	400MG	172.53
MOXIFLOXACIN	400MG							AVELON 400MG TAB	BAY	10	400MG	345.09
MOXIFLOXACIN	400MG/250ML							AVELON 400MG IV INFUSION SOL	BAY	1	400MG	278.2
MOXIFLOXACIN	5MG/ML							VIGAMOX 5MG/1ML OPD 5ML	ALC	1	5MG/1ML	138.86
MOXIFLOXACIN	400MG							DRL-MOXIFLOXACIN 400MG TAB	DRE	5	400MG	127.67
MOXIFLOXACIN	400MG							DRL-MOXIFLOXACIN 400MG TAB	DRE	10	400MG	255.35
MOXIFLOXACIN	400MG							LITARES 400MG TAB	APM	5	400MG	127.68
MOXIFLOXACIN	400MG							LITARES 400MG TAB	APM	10	400MG	255.35
MOXIFLOXACIN	400MG							AVEBACT 400MG TAB	RAN	5	400MG	115.42
MOXIFLOXACIN	400MG							AVEBACT 400MG TAB	RAN	10	400MG	230.83
MOXIFLOXACIN	400MG							RAN-MOXIFLOXACIN 400MG TAB	RAN	5	400MG	115.42
MOXIFLOXACIN	400MG							RAN-MOXIFLOXACIN 400MG TAB	RAN	10	400MG	230.83
MOXIFLOXACIN	400MG							NUMOXX 400MG TAB	C-M	5	400MG	113
MOXIFLOXACIN	400MG							NUMOXX 400MG TAB	C-M	10	400MG	226
MOXIFLOXACIN	400MG							MOXIBAY 400MG TAB	WNT	5	400MG	127.67
MOXIFLOXACIN	400MG							MOXIBAY 400MG TAB	WNT	10	400MG	255.34
MOXIFLOXACIN	400MG							MOXIMAC 400MG TAB	MLT	5	400MG	114.75
NELFINAVIR	50MG/G							VIRA-CEPT POW 144G	ROC	144		313.87
NEVIRAPINE	200MG							VIRAMUNE 200MG TAB	BOI	60	200MG	169.83
NEVIRAPINE	50MG/5ML							VIRAMUNE ORAL SUS 50MG/5ML 240ML	BOI	240	50MG/5ML	117.93
NEVIRAPINE	200MG							ASPEN NEVIRAPINE 200MG TAB	APM	60	200MG	169.82
NEVIRAPINE	200MG							CIPLA-NEVIRAPINE  200MG TAB	C-M	60	200MG	169.82
NEVIRAPINE	50MG/5ML							CIPLA-NEVIRAPINE ORAL SUS 50MG/5ML 240ML	C-M	240	50MG/5ML	109.59
NEVIRAPINE	50MG/5ML							ASPEN NEVIRAPINE 50MG SUS 240ML	APM	240	50MG	115.59
NEVIRAPINE	200MG							ADCO-NEVIRAPINE 200MG TAB	ARV	60	200MG	128.75
NEVIRAPINE	200MG							SONKE NEVIRAPINE 200MG TAB	SNK	60	200MG	150
NEVIRAPINE	200MG							VIROPON 200MG TAB	NGI	60	200MG	165
NEVIRAPINE	50MG/5ML							VIROPON 50MG/5ML SUS 240ML	NGI	240	50MG/5ML	115.48
NEVIRAPINE	200MG							VARI-NEVIRAPINE 200MG TAB	LBP	60	200MG	169.65
NEVIRAPINE	200MG							NEVIVIR 200MG TAB	BLS	60	200MG	166
NEVIRAPINE	200MG							NEVIR 200MG TAB	DEZ	60	200MG	166
OFLOXACIN	3MG/ML							EXOCIN OPHTH 5ML	GNP	1		53.56
OFLOXACIN	200MG							TARIVID TAB 200MG	AVE	10	200MG	234.93
OFLOXACIN	200MG/100ML							TARIVID IV 100ML 200MG/100ML INJ	AVE	1	200MG	383.08
OFLOXACIN	400MG							TAFLOC 400MG TAB	APM	10	400MG	172.22
OFLOXACIN	200MG							TAFLOC 200MG TAB	APM	10	200MG	87.93
OFLOXACIN	3MG/ML							OCTIN 0.015MG 5ML OPD	C-M	1	0.015MG	41.66
OFLOXACIN	200MG							APEX OFLOXACIN 200MG TAB	ASL	10	200MG	87.73
OFLOXACIN	400MG							APEX OFLOXACIN 400MG TAB	ASL	10	400MG	172.19
ORTHOPEDIC APPLIANCES AND SUPPLIES								NIGHTSPLINT FORMIT SMALL O50003	ORP	1	SMALLO50	843.5
ORTHOPEDIC APPLIANCES AND SUPPLIES								NIGHTSPLINT FORMIT MEDIUM O50005	ORP	1	MEDIUMO5	843.5
OSELTAMIVIR	75MG							TAMIFLU 75MG CAP	ROC	10	75MG	231.44
OSELTAMIVIR	12MG/ML		(30MG/G)					TAMIFLU 12MG/ML SUS 100ML	ROC	100	12MG	231.44
OSELTAMIVIR	30MG							TAMIFLU 30MG CAP	ROC	10	30MG	115.72
OSELTAMIVIR	45MG							TAMIFLU 45MG CAP	ROC	10	45MG	219.87
PRAVASTATIN	40MG							PRAVA TAB 40MG	B-M	30	40MG	299.23
PRAVASTATIN	10MG							ASPEN PRAVASTATIN 10MG TAB	APM	30	10MG	123.12
PRAVASTATIN	20MG							ASPEN PRAVASTATIN 20MG TAB	APM	30	20MG	157.22
PRAVASTATIN	40MG							ASPEN PRAVASTATIN 40MG TAB	APM	30	40MG	183.65
PRAVASTATIN	10MG							SANDOZ PRAVASTATIN 10MG TAB	ROL	30	10MG	116.73
PRAVASTATIN	20MG							SANDOZ PRAVASTATIN 20MG TAB	ROL	30	20MG	150.31
PRAVASTATIN	40MG							SANDOZ PRAVASTATIN 40MG TAB	ROL	30	40MG	175.59
PRAVASTATIN	10MG							COLITE 10MG TAB	ZYD	30	10MG	116.47
PRAVASTATIN	20MG							COLITE 20MG TAB	ZYD	30	20MG	143.35
PRAVASTATIN	40MG							COLITE 40MG TAB	ZYD	30	40MG	174.71
PRAVASTATIN	80MG							COLITE 80MG TAB	ZYD	30	80MG	174.71
PRAVASTATIN	20MG							NOVALES 20MG FCT	GUD	30	20MG	118.14
PRAVASTATIN	10MG							PIXETA 10MG TAB	AOR	30	10MG	115.11
PRAVASTATIN	20MG							PIXETA 20MG TAB	AOR	30	20MG	141.97
PRAVASTATIN	40MG							PIXETA 40MG TAB	AOR	30	40MG	177.72
PRAVASTATIN	10MG							PRANALIP 10MG TAB	ROL	30	10MG	106.49
PRAVASTATIN	10MG							AUSTELL PRAVASTATIN 10MG TAB	ASL	30	10MG	102.75
PRAVASTATIN	20MG							AUSTELL PRAVASTATIN 20MG TAB	ASL	30	20MG	129.67
PRAVASTATIN	40MG							AUSTELL PRAVASTATIN 40MG TAB	ASL	30	40MG	158.95
PYRAZINAMIDE	500MG							SANDOZ PYRAZINAMIDE 500MG TAB	ROL	100	500MG	95.66
PYRAZINAMIDE	500MG							SANDOZ PYRAZINAMIDE 500MG TAB	ROL	1000	500MG	929.84
PYRAZINAMIDE	500MG							SANDOZ PYRAZINAMIDE 500MG TAB	ROL	56		52.07
PYRAZINAMIDE	500MG							PYRAZIDE 500MG TAB	AVE	84	500MG	28.59
RALTEGRAVIR	400MG							ISENTRESS 400MG TAB	MSD	60	400MG	786.99
RIBAVIRIN	200MG							COPEGUS 200MG TAB	ROC	42	200MG	222.18
RIFABUTIN	150MG							MYCOBUTIN CAP 150MG	PFI	30	150MG	516.46
RIFAMPICIN (RIFAMPIN)	60MG	ISONIAZID	60MG					RIMACTAZID PAED 60/60 60MG TAB	ROL	80	60/60MG	79.05
RIFAMPICIN (RIFAMPIN)	60MG	ISONIAZID	60MG					RIMACTAZID PAED 60/60 80MG TAB	ROL	120	60/60MG	118.57
RIFAMPICIN (RIFAMPIN)	150MG							RIMACTANE 150MG CAP	ROL	100	150MG	131.62
RIFAMPICIN (RIFAMPIN)	600MG							RIMACTANE 600MG TAB	ROL	100	600MG	431.91
RIFAMPICIN (RIFAMPIN)	300MG	ISONIAZID	150MG					RIMACTAZID 300/150MG TAB	ROL	40	300/150M	40.29
RIFAMPICIN (RIFAMPIN)	450MG							RIMACTANE 450MG TAB	ROL	100	450MG	231.53
RIFAMPICIN (RIFAMPIN)	150MG	ISONIAZID	150MG					RIFINAH 150/150MG TAB	AVE	60	150/150M	31.86
RIFAMPICIN (RIFAMPIN)	100MG/5ML							FABU-RIFAMPICIN SUS 180ML	FBP	180		50
RIFAMPICIN (RIFAMPIN)	150MG	ISONIAZID	75MG	PYRAZINAMIDE	400MG	ETHAMBUTOL	275MG	RIMSTAR 4 FDC TAB	ROL	100		74.75
RIFAMPICIN (RIFAMPIN)	150MG	ISONIAZID	75MG	PYRAZINAMIDE	400MG	ETHAMBUTOL	275MG	RIMSTAR 4 FDC TAB	ROL	500		373.75
RIFAMPICIN (RIFAMPIN)	150MG	ISONIAZID	75MG					RIMACTAZID 150/75MG TAB	ROL	56	150/75MG	41.36
RIFAMPICIN (RIFAMPIN)	150MG	ISONIAZID	75MG					RIMACTAZID 150/75MG TAB	ROL	84	150/75MG	61.89
RIFAMPICIN (RIFAMPIN)	150MG	ISONIAZID	75MG	PYRAZINAMIDE	400MG	ETHAMBUTOL	275MG	RIMSTAR 4-FDC TAB	ROL	28		20.39
RIFAMPICIN (RIFAMPIN)	150MG	ISONIAZID	75MG	PYRAZINAMIDE	400MG	ETHAMBUTOL	275MG	RIMSTAR 4-FDC TAB	ROL	56		40.77
RIFAMPICIN (RIFAMPIN)	150MG	ISONIAZID	75MG	PYRAZINAMIDE	400MG	ETHAMBUTOL	275MG	RIMSTAR 4-FDC TAB	ROL	84		61.16
RIFAMPICIN (RIFAMPIN)	150MG	ISONIAZID	75MG	PYRAZINAMIDE	400MG	ETHAMBUTOL	275MG	RIMSTAR 4-FDC TAB	ROL	112		81.54
RIFAMPICIN (RIFAMPIN)	150MG	ISONIAZID	75MG	PYRAZINAMIDE	400MG	ETHAMBUTOL	275MG	ANTIB -4 TAB	MDI	84		63.1
RIFAMPICIN (RIFAMPIN)	150MG	ISONIAZID	75MG	PYRAZINAMIDE	400MG	ETHAMBUTOL	275MG	ANTIB -4 TAB	MDI	112		84.14
RIFAMPICIN (RIFAMPIN)	150MG	ISONIAZID	75MG	PYRAZINAMIDE	400MG	ETHAMBUTOL	275MG	ANTIB -4 TAB	MDI	500		375.66
RIFAMPICIN (RIFAMPIN)	300MG	ISONIAZID	150MG					EBSAR 2-DS 300/150 TAB	DEZ	56		37.12
RIFAMPICIN (RIFAMPIN)	100MG/5ML							R-CIN 100MG/5ML SUS 180ML	APM	180	100MG/5M	124.61
RIFAMPICIN (RIFAMPIN)	150MG	ISONIAZID	75MG					RIFINAH 150/75MG TAB	AVE	56	150/75MG	53.2
RIFAMPICIN (RIFAMPIN)	300MG	ISONIAZID	150MG					RIMACTAZID 300/150MG TAB	ROL	56	300/150M	54.53
RIFAMPICIN (RIFAMPIN)	150MG	ISONIAZID	75MG	PYRAZINAMIDE	400MG	ETHAMBUTOL	275MG	RIFAFOUR E-275 TAB	AVE	84		80.08
RIFAMPICIN (RIFAMPIN)	150MG	ISONIAZID	75MG	PYRAZINAMIDE	400MG	ETHAMBUTOL	275MG	RIFAFOUR E-275 TAB	AVE	28		26.7
RIFAMPICIN (RIFAMPIN)	60MG	ISONIAZID	30MG	PYRAZINAMIDE	150MG			RIFATER JUNIOR 3G SAC	AVE	40		42
RIFAMPICIN (RIFAMPIN)	150MG	ISONIAZID	75MG					RIMACTAZID 150/75MG TAB	ROL	60	150/75MG	45.5
RIFAMPICIN (RIFAMPIN)	60MG	ISONIAZID	30MG					RIFINAH JUNIOR 60/30 3G  SAC	AVE	40		34.64
RIFAMPICIN (RIFAMPIN)	300MG/VIAL							RIMACTANE 300MG INF	ROL	1	300MG	137.9
RIFAMPICIN (RIFAMPIN)	300MG							RIFINAH 300 FC TAB	AVE	56		73.9
RIFAMPICIN (RIFAMPIN)	300MG	ISONIAZID	150MG					RIFAMPICIN ISONIAZID (SECTION 21) DSP	EQU	100	60/30MG	175.44
RIFAMPICIN (RIFAMPIN)	150MG	ISONIAZID	75MG	PYRAZINAMIDE	400MG	ETHAMBUTOL	275MG	RIFAMPICIN ISONIAZID/PYRAZINAMIDE (SECTION 21) DSP	EQU	100	60/30MG	245.61
RIFAMPICIN (RIFAMPIN)	150MG							RIFAMPICIN (SECTION 21) 150MG CAP	EQU	100	150MG	246
RIFAMPICIN (RIFAMPIN)	150MG	ISONIAZID	75MG	PYRAZINAMIDE	400MG	ETHAMBUTOL	275MG	FORECOX TRAC TAB	MLT	84		115
RIFAMPICIN (RIFAMPIN)	150MG	ISONIAZID	75MG					RH COM TAB	MLT	84		85
RITONAVIR	80MG/ML							NORVIR ORAL SOL 90ML	ABB	1		53.24
RITONAVIR	100MG							NORVIR CAP 100MG	ABB	84	100MG	62.19
SAQUINAVIR MESYLATE	200MG							INVIRASE CAP 200MG	ROC	270	200MG	714.25
STAVUDINE	30MG							ZERIT 30MG CAP	B-M	60	30MG	47.59
STAVUDINE	15MG							ASPEN STAVUDINE 15MG CAP	APM	60	15MG	29.92
STAVUDINE	20MG							ASPEN STAVUDINE 20MG CAP	APM	60	20MG	33.39
STAVUDINE	30MG							ASPEN STAVUDINE 30MG CAP	APM	60	30MG	38.39
STAVUDINE	40MG							ZERIT 40MG CAP	B-M	60	40MG	47.59
STAVUDINE	15MG							ZERIT 15MG CAP	B-M	60	15MG	47.68
STAVUDINE	20MG							ZERIT 20MG CAP	B-M	60	20MG	47.59
STAVUDINE	30MG							SONKE STAVUDINE 30MG CAP	SNK	60	30MG	29.98
STAVUDINE	30MG							VANRA 30MG CAP	NGI	60	30MG	37.01
STAVUDINE	40MG							AURO-STAVUDINE 40MG CAP	NGI	60	40MG	42.3
STAVUDINE	30MG							VARI-STAVUDINE 30MG CAP	LBP	60	30MG	36.97
STREPTOMYCIN	1G/3ML							SOLUSTREP INJ 5G/15ML 15ML	CAP	1	5G15/ML	24.09
STREPTOMYCIN	1G/3ML							BIO-STREP 1G/3ML INJ	BTL	1	1G/3ML	4.03
STREPTOMYCIN	1G/3ML							BIO-STREP 5G/15ML INJ	BTL	1	5G/15ML	20.18
STREPTOMYCIN	1G/3ML							BIOSTREP 1G/3ML INJ	BTL	10	1G/3ML	40.36
STREPTOMYCIN	1G/3ML							BIOSTREP 5G/15ML INJ	BTL	10	5G1/5ML	201.86
TENOFOVIR DISOPROXIL (fumarate)	300MG							VIREAD 300MG TAB	APM	30	300MG	231.2
TENOFOVIR DISOPROXIL (fumarate)	300MG	EMTRICITABINE	200MG					TRUVADA TAB	APM	30		382.71
TENOFOVIR DISOPROXIL (fumarate)	300MG							CIPLA-TENOFOVIR 300MG TAB	C-M	30	300MG	188.95
TENOFOVIR DISOPROXIL (fumarate)	300MG	EMTRICITABINE	200MG					TYRICTEN 200/300MG TAB	NGI	30	200/300M	280.89
TENOFOVIR DISOPROXIL (fumarate)	300MG	EMTRICITABINE	200MG					DIDIVIR 200MG TAB	C-M	30	200MG	280.88
TENOFOVIR DISOPROXIL (fumarate)	300MG							ASPEN TENOFOVIR 300MG TAB	APM	30	300MG	185
TENOFOVIR DISOPROXIL (fumarate)	300MG	EMTRICITABINE	200MG	EFAVIRENZ	600MG			TEEVIR (NAMIBIA ONLY) TAB	MLT	30		410
TENOFOVIR DISOPROXIL (fumarate)	300MG	LAMIVUDINE	300MG					RICOVIR I 300MG/300MG (NAMIBIA ONLY) TAB	MLT	30		250
TENOFOVIR DISOPROXIL (fumarate)	300MG	EMTRICITABINE	200MG					TENCITAB (WAS ASPEN TENOFOVIR AND EMTRICITABINE)	APM	30		280.89
TENOFOVIR DISOPROXIL (fumarate)	300MG	EMTRICITABINE	200MG	EFAVIRENZ	600MG			ATRIPLA TAB	MSD	30		424.37
TENOFOVIR DISOPROXIL (fumarate)	300MG							ZEFIN 300MG TAB	NGI	30	300MG	188.96
TENOFOVIR DISOPROXIL (fumarate)	300MG							SONKE TENOFOVIR 300MG TAB	RAN	30	300MG	182.83
TENOFOVIR DISOPROXIL (fumarate)	300MG	EMTRICITABINE	200MG	EFAVIRENZ	600MG			TRIBUSS TAB	APM	30		370
TENOFOVIR DISOPROXIL (fumarate)	300MG	EMTRICITABINE	200MG					ADCO-EMTEVIR 200MG TAB	ARV	60	200MG	431.3
TENOFOVIR DISOPROXIL (fumarate)	300MG	EMTRICITABINE	200MG					ADCO-EMTEVIR 200MG TAB	ARV	30	200MG	215.65
TENOFOVIR DISOPROXIL (fumarate)	300MG							ADCO-TENOFOVIR 300MG TAB	ARV	30	300MG	103.48
TENOFOVIR DISOPROXIL (fumarate)	300MG	EMTRICITABINE	200MG	EFAVIRENZ	600MG			ODIMUNE TAB	C-M	30		370
TENOFOVIR DISOPROXIL (fumarate)	300MG	EMTRICITABINE	200MG					RICOVIR EM TAB (NAMIBIA ONLY)	MLT	30	300/200M	260
TENOFOVIR DISOPROXIL (fumarate)	300MG	EMTRICITABINE	200MG					TEMECIT TAB	ARV	30		280.7
TERIZIDONE	250MG							TERIVALIDIN 250MG CAP	AVE	100	250MG	1388.48
TIPRANAVIR	250MG							APTIVUS 250MG CAP	BOI	120	250MG	3564.02
VALACICLOVIR	500MG							ZELITREX 500MG TAB	APM	42	500MG	814.62
VALACICLOVIR	500MG							ZELITREX 500MG TAB	APM	10	500MG	193.96
VALACICLOVIR	250MG							ZELITREX 250MG TABS	APM	60	250MG	579.09
VALACICLOVIR	500MG							ZELITREX 500MG TABS	APM	30	500MG	581.87
VALACICLOVIR	500MG							ZELIVIRE 500MG TAB	RAN	30	500MG	407.31
VALACICLOVIR	500MG							ANVIRO 500MG TAB	ZYD	10	500MG	129.36
VALACICLOVIR	500MG							ANVIRO 500MG TAB	ZYD	30	500MG	388.13
VALACICLOVIR	500MG							ANVIRO 500MG TAB	ZYD	42	500MG	543.42
VALGANCICLOVIR	450MG							VALCYTE 450MG FILM COAT TAB	ROC	60	450MG	16990.91
VINCRISTIINE	1MG/ML							P&U VINCRISTINE CSV 1MG/ML 1ML	PFI	5	1MG/ML	237.4
VINCRISTIINE	1MG/ML							P&U VINCRISTINE CSV 1MG/ML 5ML	PFI	5	1MG/ML	1223.91
VINCRISTIINE	1MG/ML							P&U VINCRISTINE CSV 1MG/ML 2ML	PFI	5	1MG/ML	474.79
VINCRISTIINE	1MG/ML							ABIC VINCRISTINE 1MG/ML 1ML INJ	TEV	1	1MG/ML	70.27
VINCRISTIINE	1MG/ML							ABIC VINCRISTINE 1MG/ML 2ML INJ	TEV	1	1MG/ML	149.68
VINCRISTIINE	1MG/ML							ACCORD VINCRISTINE 1MG/ML 2ML INJ	MKG	1	1MG/ML	79.57
ZANAMIVIR	5MG							RELENZA ROTADISK 5MG	APM	1	5MG	226.97
ZIDOVUDINE (AZT)	100MG							RETROVIR 100MG CAP	GSK	100	100MG	206.23
ZIDOVUDINE (AZT)	50MG/5ML							RETROVIR SYR 200ML	GSK	200		80.68
ZIDOVUDINE (AZT)	200MG/VIAL							RETROVIR 200MG/20ML 20ML INF	GSK	5	200MG/ML	307.41
ZIDOVUDINE (AZT)	250MG							RETROVIR 250MG CAP	GSK	60	250MG	283.02
ZIDOVUDINE (AZT)	300MG							ASPEN ZIDOVUDINE 300MG TAB	APM	60	300MG	234.59
ZIDOVUDINE (AZT)	50MG/5ML							ASPEN ZIDOVUDINE 50MG/5ML SYR 200ML	APM	200	50MG/ML	78.9
ZIDOVUDINE (AZT)	50MG/5ML							CIPLA-ZIDOVUDINE ORAL SOL 50MG/5ML 100ML	C-M	100	50MG/5ML	36.06
ZIDOVUDINE (AZT)	50MG/5ML							CIPLA-ZIDOVUDINE ORAL SOL 50MG/5ML 200ML	C-M	200	50MG/5ML	72.13
ZIDOVUDINE (AZT)	300MG							CIPLA-ZIDOVUDINE  300MG TAB	C-M	60	300MG	247.26
ZIDOVUDINE (AZT)	100MG							ASPEN ZIDOVUDINE 100MG CAP	APM	100	100MG	134.39
ZIDOVUDINE (AZT)	250MG							ASPEN ZIDOVUDINE 250MG CAP	APM	60	250MG	268.45
ZIDOVUDINE (AZT)	100MG (18)	LAMIVUDINE	150MG (6)					RETROVIR/3TC STARTER PACK KIT	GSK	1		47.92
ZIDOVUDINE (AZT)	300MG							ADCO-ZIDOVUDINE 300MG TAB	ARV	60	300MG	138.46
ZIDOVUDINE (AZT)	50MG/5ML							ADCO-ZIDOVUDINE 50MG/5ML SYR 200ML	ARV	200	50MG/5ML	54.15
ZIDOVUDINE (AZT)	50MG/5ML							ADCO-ZIDOVUDINE 50MG A&S FREE SYR 200ML	ARV	200	50MG/5ML	54.15
ZIDOVUDINE (AZT)	300MG							SONKE ZIDOVUDINE 300MG TAB	SNK	60	300MG	200
ZIDOVUDINE (AZT)	300MG							DOZRA 300MG TAB	NGI	60	300MG	232
ZIDOVUDINE (AZT)	50MG/5ML							DOZRA ORAL 50MG/5ML SOL 240ML	NGI	240	50MG/5ML	74.38
ZIDOVUDINE (AZT)	100MG							DOZRA 100MG CAP	NGI	100	100MG	150
ZIDOVUDINE (AZT)	150MG	LAMIVUDINE	300MG					ZOVILAM 150MG/300MG (NAMIBIA ONLY) TAB	MLT	60		269
ZIDOVUDINE (AZT)	300MG							VARI-ZIDOVUDINE 300MG TAB	LBP	60	300MG	234.1
ZIDOVUDINE (AZT)	50MG/5ML							PHARMA-Q-ZIDOVUDINE 50MG/5ML SYR 200ML	PHQ	200	50MG/5ML	70.14
